counties,Homicide,Offences Against The Person,Sexual Offences,Burglary,Robbery,Theft And Handling,Fraud And Forgery ,Criminal Damage,Drugs Offences,Public Order Offences,All Other Offences (excluding Motoring),Motoring Offences ,Date
Avon and Somerset,0,228,35,49,8,338,18,93,148,123,63,256,31/01/2014
Bedfordshire,0,68,2,7,16,75,17,22,31,30,13,171,31/01/2014
Cambridgeshire,0,101,10,18,6,148,10,30,47,37,28,103,31/01/2014
Cheshire,0,170,15,38,10,205,14,39,64,77,50,264,31/01/2014
Cleveland,2,119,11,36,3,334,11,46,65,123,34,228,31/01/2014
Cumbria,0,113,4,16,1,115,6,38,52,78,52,112,31/01/2014
Derbyshire,0,135,22,36,5,194,15,53,86,59,28,251,31/01/2014
Devon and Cornwall,0,220,16,25,10,199,18,74,96,83,75,410,31/01/2014
Dorset,0,87,6,20,6,96,4,30,47,42,61,112,31/01/2014
Durham,1,105,9,28,0,171,20,42,38,82,12,130,31/01/2014
Dyfed Powys,0,69,4,8,3,79,4,30,82,81,19,274,31/01/2014
Essex,3,331,11,42,7,327,31,101,111,135,83,215,31/01/2014
Gloucestershire,0,71,4,20,3,89,9,14,31,25,5,97,31/01/2014
GreaterManchester,2,478,52,94,34,495,39,143,200,297,179,772,31/01/2014
Gwent,0,85,5,11,2,129,5,38,48,74,21,106,31/01/2014
Hampshire,0,303,19,34,4,317,25,78,187,115,162,245,31/01/2014
Hertfordshire,3,113,8,20,4,149,13,27,70,53,28,153,31/01/2014
Humberside,0,217,16,29,7,271,16,79,82,128,47,390,31/01/2014
Kent,0,230,19,59,10,356,21,87,85,38,200,142,31/01/2014
Lancashire,4,337,29,83,24,383,20,114,101,223,104,300,31/01/2014
Leicestershire,2,142,15,13,4,155,12,23,34,50,32,307,31/01/2014
Lincolnshire,1,117,5,14,2,128,3,26,28,71,8,155,31/01/2014
Merseyside,2,236,27,39,21,264,21,65,279,128,148,391,31/01/2014
Norfolk,0,193,15,16,3,190,15,41,60,83,65,135,31/01/2014
Northamptonshire,0,106,6,16,4,128,5,22,35,29,11,214,31/01/2014
Northumbria,3,240,30,74,13,526,31,105,115,148,280,503,31/01/2014
North Wales,1,118,10,26,2,165,7,45,57,75,118,268,31/01/2014
North Yorkshire,0,98,8,18,1,171,8,39,48,100,28,137,31/01/2014
Nottinghamshire,0,179,14,43,22,247,17,55,78,75,67,189,31/01/2014
South Wales,0,362,7,49,4,359,19,124,161,243,70,735,31/01/2014
South Yorkshire,2,229,18,51,10,409,13,80,140,164,44,362,31/01/2014
Staffordshire,2,165,10,28,18,201,12,53,84,97,23,646,31/01/2014
Suffolk,1,165,4,18,2,111,8,33,66,75,33,79,31/01/2014
Surrey,0,139,7,30,1,114,11,24,79,66,74,201,31/01/2014
Sussex,0,266,21,40,8,290,18,73,115,113,82,239,31/01/2014
Thames Valley,4,276,24,41,13,336,24,59,147,117,47,429,31/01/2014
Warwickshire,0,42,2,17,0,58,2,15,21,28,22,227,31/01/2014
West Mercia,0,162,10,35,4,172,10,40,68,99,25,256,31/01/2014
West Midlands,1,419,45,97,49,559,31,133,247,135,201,394,31/01/2014
West Yorkshire,3,480,44,96,31,531,27,111,198,147,68,363,31/01/2014
Wiltshire,1,67,9,15,0,85,5,37,29,27,54,95,31/01/2014
Avon and Somerset,0,263,41,39,7,320,12,76,140,131,55,191,01/02/2014
Bedfordshire,0,59,6,11,7,84,7,12,19,7,11,36,01/02/2014
Cambridgeshire,0,109,16,25,0,111,17,21,60,30,26,76,01/02/2014
Cheshire,0,159,19,25,7,191,14,41,74,86,67,321,01/02/2014
Cleveland,0,102,16,34,4,261,12,57,66,94,22,101,01/02/2014
Cumbria,0,67,3,13,2,116,1,42,43,45,55,91,01/02/2014
Derbyshire,1,145,14,27,7,201,11,54,68,76,46,171,01/02/2014
Devon and Cornwall,0,142,14,39,5,161,16,49,44,70,77,324,01/02/2014
Dorset,1,62,7,21,3,60,2,27,21,30,59,66,01/02/2014
Durham,1,83,9,20,6,161,4,48,30,69,14,74,01/02/2014
Dyfed Powys,1,73,4,13,1,64,12,17,96,51,30,145,01/02/2014
Essex,0,324,12,33,3,257,19,58,79,59,86,220,01/02/2014
Gloucestershire,0,52,2,11,2,62,3,16,34,34,9,128,01/02/2014
GreaterManchester,0,505,38,86,32,485,23,157,235,235,146,1160,01/02/2014
Gwent,0,83,10,26,12,103,11,41,58,89,24,80,01/02/2014
Hampshire,0,234,22,39,8,286,16,60,132,99,201,187,01/02/2014
Hertfordshire,2,99,2,15,0,106,14,25,76,32,8,68,01/02/2014
Humberside,1,188,23,37,7,260,3,49,75,87,39,265,01/02/2014
Kent,2,200,14,43,7,359,13,67,113,55,203,137,01/02/2014
Lancashire,2,340,24,60,24,396,15,97,118,174,103,254,01/02/2014
Leicestershire,2,152,17,10,6,183,6,33,32,38,16,354,01/02/2014
Lincolnshire,0,89,11,24,2,103,9,21,26,57,18,107,01/02/2014
Merseyside,4,242,25,48,22,329,53,55,333,112,120,474,01/02/2014
Norfolk,0,143,10,22,7,132,13,42,63,70,57,86,01/02/2014
Northamptonshire,1,83,6,21,4,102,3,24,46,38,26,100,01/02/2014
Northumbria,0,267,15,56,17,462,16,84,109,160,229,382,01/02/2014
North Wales,2,106,9,29,4,145,8,42,32,37,79,168,01/02/2014
North Yorkshire,1,101,3,20,0,115,9,28,41,68,28,129,01/02/2014
Nottinghamshire,1,193,12,29,17,216,22,44,89,73,97,157,01/02/2014
South Wales,1,291,17,46,15,312,11,78,161,170,85,1198,01/02/2014
South Yorkshire,3,232,7,40,6,329,17,83,109,89,44,281,01/02/2014
Staffordshire,0,132,17,19,19,203,5,68,78,95,43,521,01/02/2014
Suffolk,0,133,7,17,0,108,13,43,45,53,38,64,01/02/2014
Surrey,0,108,17,21,1,140,10,27,78,16,68,116,01/02/2014
Sussex,0,191,24,23,4,210,16,48,104,67,76,288,01/02/2014
Thames Valley,3,231,29,43,16,274,18,61,114,82,44,699,01/02/2014
Warwickshire,0,43,3,6,2,75,8,17,11,20,24,225,01/02/2014
West Mercia,4,130,19,26,11,158,7,45,48,80,28,268,01/02/2014
West Midlands,6,419,26,72,50,563,22,116,236,106,243,357,01/02/2014
West Yorkshire,2,379,23,103,21,458,31,112,143,152,71,291,01/02/2014
Wiltshire,0,81,5,11,0,63,4,24,32,21,41,76,01/02/2014
Avon and Somerset,1,230,30,39,14,371,19,81,139,107,94,723,01/03/2014
Bedfordshire,2,102,4,26,11,147,9,28,61,20,20,89,01/03/2014
Cambridgeshire,0,83,4,27,5,121,10,22,43,55,25,74,01/03/2014
Cheshire,0,148,15,20,2,226,13,41,73,68,42,245,01/03/2014
Cleveland,1,92,15,38,10,278,8,39,62,79,28,233,01/03/2014
Cumbria,0,130,5,15,1,76,4,36,36,28,59,105,01/03/2014
Derbyshire,1,124,13,29,3,149,6,28,57,46,41,108,01/03/2014
Devon and Cornwall,1,221,11,35,0,202,5,57,72,76,82,374,01/03/2014
Dorset,2,84,3,16,3,115,2,26,41,36,46,92,01/03/2014
Durham,1,88,12,29,4,161,7,47,21,57,15,78,01/03/2014
Dyfed Powys,0,64,6,16,0,31,2,23,66,51,15,204,01/03/2014
Essex,4,280,19,37,13,288,16,69,126,65,47,195,01/03/2014
Gloucestershire,0,64,3,21,2,100,8,22,58,23,5,80,01/03/2014
GreaterManchester,4,553,42,100,41,530,47,136,242,270,118,1040,01/03/2014
Gwent,0,70,3,25,6,101,12,24,36,56,32,72,01/03/2014
Hampshire,0,249,26,35,7,284,13,79,108,105,148,188,01/03/2014
Hertfordshire,1,195,16,30,17,187,34,41,121,66,22,155,01/03/2014
Humberside,2,159,23,43,8,255,7,54,76,90,26,150,01/03/2014
Kent,2,216,13,27,18,301,23,69,94,48,130,169,01/03/2014
Lancashire,2,316,44,97,20,314,21,113,112,191,137,243,01/03/2014
Leicestershire,1,168,8,16,9,193,19,41,36,84,17,323,01/03/2014
Lincolnshire,0,80,5,15,4,105,3,17,41,56,12,127,01/03/2014
Merseyside,1,229,23,39,21,339,42,59,279,89,135,417,01/03/2014
Norfolk,0,151,6,19,8,163,9,42,63,69,63,107,01/03/2014
Northamptonshire,3,106,8,13,1,134,8,32,43,47,16,107,01/03/2014
Northumbria,1,246,20,63,9,501,18,112,100,134,240,274,01/03/2014
North Wales,0,94,7,10,7,155,4,41,33,44,74,154,01/03/2014
North Yorkshire,5,121,7,25,2,161,11,35,35,80,12,99,01/03/2014
Nottinghamshire,1,184,8,32,20,221,14,46,98,55,58,175,01/03/2014
South Wales,1,240,13,57,5,287,34,67,152,160,66,431,01/03/2014
South Yorkshire,0,207,17,31,15,357,12,71,130,122,39,208,01/03/2014
Staffordshire,0,192,15,26,6,213,8,48,82,111,46,264,01/03/2014
Suffolk,0,136,1,15,0,104,11,35,58,45,36,87,01/03/2014
Surrey,0,126,12,19,4,182,20,48,98,91,72,155,01/03/2014
Sussex,0,206,25,34,4,237,13,43,114,57,76,236,01/03/2014
Thames Valley,3,270,32,42,5,350,26,58,146,122,34,824,01/03/2014
Warwickshire,0,64,3,9,2,81,8,13,12,33,24,101,01/03/2014
West Mercia,0,147,17,24,6,200,10,41,63,102,34,213,01/03/2014
West Midlands,2,446,39,85,44,674,42,146,171,102,218,356,01/03/2014
West Yorkshire,3,378,45,104,43,487,16,74,121,132,74,307,01/03/2014
Wiltshire,1,112,5,14,7,78,1,32,46,17,20,73,01/03/2014
Avon and Somerset,1,167,36,37,9,266,11,54,135,68,66,188,01/04/2014
Bedfordshire,0,69,5,16,4,98,8,20,45,29,11,40,01/04/2014
Cambridgeshire,0,99,6,8,6,107,7,21,40,45,6,79,01/04/2014
Cheshire,1,140,17,26,1,206,16,35,75,86,50,209,01/04/2014
Cleveland,0,85,11,25,5,254,6,32,63,74,28,124,01/04/2014
Cumbria,0,77,8,12,1,108,5,37,42,40,64,95,01/04/2014
Derbyshire,0,151,8,31,8,203,11,40,75,50,46,258,01/04/2014
Devon and Cornwall,1,157,11,16,6,151,8,56,70,65,64,189,01/04/2014
Dorset,0,73,1,18,3,123,7,24,29,45,25,71,01/04/2014
Durham,2,75,11,30,0,144,4,43,19,58,12,66,01/04/2014
Dyfed Powys,0,63,0,17,2,56,2,27,76,28,20,178,01/04/2014
Essex,1,261,20,39,6,280,16,63,97,79,52,175,01/04/2014
Gloucestershire,0,41,4,13,0,68,9,14,22,14,19,80,01/04/2014
GreaterManchester,1,471,44,87,29,532,51,172,239,249,132,455,01/04/2014
Gwent,0,77,6,20,2,124,8,20,55,58,16,66,01/04/2014
Hampshire,2,253,18,38,8,317,19,79,134,95,104,227,01/04/2014
Hertfordshire,1,132,15,29,12,210,23,47,114,83,12,158,01/04/2014
Humberside,0,181,12,41,5,229,14,44,55,96,22,119,01/04/2014
Kent,9,235,17,44,9,305,11,65,109,36,125,164,01/04/2014
Lancashire,1,265,30,63,9,272,19,93,114,147,113,256,01/04/2014
Leicestershire,4,140,6,26,4,166,10,38,36,53,17,193,01/04/2014
Lincolnshire,0,89,10,20,2,138,5,17,26,44,23,125,01/04/2014
Merseyside,5,228,17,33,8,298,12,56,285,101,106,222,01/04/2014
Norfolk,1,165,8,12,3,146,11,52,76,58,49,107,01/04/2014
Northamptonshire,2,69,13,23,11,135,7,21,31,44,11,97,01/04/2014
Northumbria,3,225,10,54,15,415,15,99,98,109,188,249,01/04/2014
North Wales,1,100,7,21,3,137,9,45,40,43,68,150,01/04/2014
North Yorkshire,1,92,5,6,6,137,6,19,38,42,11,78,01/04/2014
Nottinghamshire,2,182,12,30,11,241,10,45,100,46,51,154,01/04/2014
South Wales,0,232,13,55,10,289,9,64,112,150,47,323,01/04/2014
South Yorkshire,2,218,18,44,9,350,9,75,114,78,41,162,01/04/2014
Staffordshire,0,150,15,20,8,161,11,55,80,85,63,147,01/04/2014
Suffolk,1,138,7,14,4,111,5,28,40,61,43,68,01/04/2014
Surrey,0,93,11,5,8,111,17,23,55,39,37,134,01/04/2014
Sussex,0,171,15,35,7,190,14,36,80,72,74,161,01/04/2014
Thames Valley,9,214,26,40,10,296,15,51,122,105,32,280,01/04/2014
Warwickshire,0,35,7,10,1,76,1,10,18,15,32,154,01/04/2014
West Mercia,1,156,24,14,5,169,5,47,55,66,49,198,01/04/2014
West Midlands,6,413,28,90,55,558,35,109,226,116,164,304,01/04/2014
West Yorkshire,1,420,40,78,30,505,22,86,173,116,52,297,01/04/2014
Wiltshire,1,74,9,6,3,90,4,26,25,22,13,79,01/04/2014
Avon and Somerset,1,210,29,38,8,287,24,63,116,65,91,141,01/05/2014
Bedfordshire,1,69,8,5,6,82,8,16,25,27,13,63,01/05/2014
Cambridgeshire,0,73,5,16,4,106,10,25,39,26,24,74,01/05/2014
Cheshire,1,167,10,34,0,194,9,40,73,60,61,154,01/05/2014
Cleveland,1,99,7,33,5,219,8,46,67,114,12,97,01/05/2014
Cumbria,0,67,8,14,0,86,2,32,49,25,75,71,01/05/2014
Derbyshire,0,142,13,22,12,210,11,42,74,60,37,132,01/05/2014
Devon and Cornwall,1,171,11,28,3,154,9,57,80,62,92,193,01/05/2014
Dorset,0,118,11,15,0,170,6,36,41,70,19,93,01/05/2014
Durham,0,93,8,20,7,156,12,41,22,82,18,80,01/05/2014
Dyfed Powys,0,86,4,8,2,36,2,23,85,49,18,178,01/05/2014
Essex,2,256,16,40,11,289,17,71,88,71,108,204,01/05/2014
Gloucestershire,0,41,3,13,3,76,5,24,33,16,7,41,01/05/2014
GreaterManchester,0,474,41,79,40,515,45,171,199,291,137,387,01/05/2014
Gwent,0,77,10,28,5,96,9,28,55,50,29,82,01/05/2014
Hampshire,0,351,19,50,8,395,10,115,146,138,79,214,01/05/2014
Hertfordshire,2,146,10,21,8,198,17,43,88,62,21,155,01/05/2014
Humberside,0,135,18,48,5,280,10,43,73,71,24,159,01/05/2014
Kent,14,178,28,52,13,287,25,51,88,56,117,171,01/05/2014
Lancashire,1,293,25,56,16,301,16,102,99,192,121,255,01/05/2014
Leicestershire,0,194,14,28,4,155,24,30,37,52,10,150,01/05/2014
Lincolnshire,0,83,7,25,0,120,3,22,17,47,23,106,01/05/2014
Merseyside,2,252,21,36,23,272,14,65,264,84,157,208,01/05/2014
Norfolk,0,133,15,18,8,122,6,38,66,84,54,98,01/05/2014
Northamptonshire,0,92,7,16,9,100,8,19,38,41,13,99,01/05/2014
Northumbria,0,253,15,69,11,504,27,100,132,119,193,226,01/05/2014
North Wales,0,93,15,18,3,140,7,35,39,43,83,300,01/05/2014
North Yorkshire,1,110,4,20,3,132,8,42,40,80,21,110,01/05/2014
Nottinghamshire,6,199,8,47,12,222,16,48,90,66,66,160,01/05/2014
South Wales,1,281,22,50,13,316,18,81,163,200,66,653,01/05/2014
South Yorkshire,0,199,6,33,6,351,8,77,94,125,39,188,01/05/2014
Staffordshire,1,150,9,32,6,182,9,46,65,92,43,134,01/05/2014
Suffolk,0,106,10,5,3,88,4,30,42,67,15,65,01/05/2014
Surrey,0,81,10,28,5,109,17,31,90,42,55,128,01/05/2014
Sussex,1,162,26,25,7,219,22,46,83,83,67,173,01/05/2014
Thames Valley,1,294,26,48,20,409,22,59,148,169,46,551,01/05/2014
Warwickshire,0,50,3,9,1,59,0,23,16,19,17,124,01/05/2014
West Mercia,1,172,19,37,4,194,10,37,61,73,26,187,01/05/2014
West Midlands,1,434,29,97,37,534,33,103,202,111,123,294,01/05/2014
West Yorkshire,1,370,39,80,17,434,19,83,112,144,61,271,01/05/2014
Wiltshire,0,98,5,9,5,93,9,18,37,25,19,98,01/05/2014
Avon and Somerset,3,231,25,34,4,259,17,62,125,69,71,189,01/06/2014
Bedfordshire,1,57,1,10,5,97,7,15,44,28,18,65,01/06/2014
Cambridgeshire,0,111,5,11,8,108,18,19,38,55,13,92,01/06/2014
Cheshire,1,183,15,35,6,223,9,40,82,89,57,171,01/06/2014
Cleveland,3,84,19,39,4,245,9,41,57,99,21,174,01/06/2014
Cumbria,1,90,6,14,3,100,5,38,46,32,82,85,01/06/2014
Derbyshire,0,117,11,13,8,180,7,40,65,41,37,129,01/06/2014
Devon and Cornwall,1,147,12,26,4,145,16,52,89,81,54,154,01/06/2014
Dorset,0,98,11,14,2,128,6,30,24,51,23,88,01/06/2014
Durham,0,84,14,17,3,153,1,35,29,62,22,80,01/06/2014
Dyfed Powys,0,66,3,11,2,53,0,21,84,34,10,178,01/06/2014
Essex,0,260,28,31,8,257,17,69,73,94,47,222,01/06/2014
Gloucestershire,0,52,5,6,2,85,5,15,18,14,17,58,01/06/2014
GreaterManchester,1,547,49,87,35,478,44,201,225,273,125,350,01/06/2014
Gwent,3,62,5,17,0,94,2,27,52,55,17,66,01/06/2014
Hampshire,0,305,23,32,6,295,16,74,102,110,63,195,01/06/2014
Hertfordshire,0,163,16,18,10,190,16,33,77,53,15,143,01/06/2014
Humberside,2,200,18,31,6,192,11,52,53,90,39,92,01/06/2014
Kent,0,248,23,55,15,352,19,94,135,86,120,215,01/06/2014
Lancashire,0,264,26,72,14,350,17,119,144,173,146,281,01/06/2014
Leicestershire,0,162,6,27,6,138,6,50,31,86,15,142,01/06/2014
Lincolnshire,0,80,5,27,3,105,8,13,30,43,6,119,01/06/2014
Merseyside,1,265,23,37,20,296,17,54,285,183,181,250,01/06/2014
Norfolk,0,210,15,19,3,164,9,65,71,112,17,101,01/06/2014
Northamptonshire,0,95,10,11,6,82,8,18,21,33,19,96,01/06/2014
Northumbria,1,257,22,59,6,446,20,91,122,103,202,233,01/06/2014
North Wales,0,131,6,17,2,191,6,64,44,63,119,273,01/06/2014
North Yorkshire,1,129,2,28,3,167,17,44,43,93,26,123,01/06/2014
Nottinghamshire,13,163,13,30,9,221,4,46,102,72,54,127,01/06/2014
South Wales,1,242,18,37,15,296,6,79,122,133,54,556,01/06/2014
South Yorkshire,0,195,11,53,6,332,16,55,94,96,52,145,01/06/2014
Staffordshire,0,156,10,29,5,167,10,51,69,76,35,116,01/06/2014
Suffolk,0,158,6,10,2,133,5,49,52,74,23,94,01/06/2014
Surrey,0,97,8,13,6,107,12,32,84,40,71,158,01/06/2014
Sussex,0,186,29,38,6,236,27,50,98,63,53,197,01/06/2014
Thames Valley,7,302,38,53,12,336,15,59,180,123,27,335,01/06/2014
Warwickshire,2,49,2,8,4,69,2,18,14,11,25,69,01/06/2014
West Mercia,1,143,15,29,8,140,16,39,56,64,38,180,01/06/2014
West Midlands,2,385,48,55,49,497,37,96,221,144,159,324,01/06/2014
West Yorkshire,3,356,46,85,19,402,19,86,126,112,49,268,01/06/2014
Wiltshire,0,62,5,3,3,73,2,27,34,13,25,70,01/06/2014
Avon and Somerset,1,289,54,55,10,358,25,70,124,112,93,219,01/07/2014
Bedfordshire,3,87,5,25,11,67,4,17,28,29,13,54,01/07/2014
Cambridgeshire,0,115,4,10,1,110,5,22,28,56,14,75,01/07/2014
Cheshire,1,195,17,20,6,214,11,41,67,81,48,143,01/07/2014
Cleveland,0,130,7,44,12,278,10,41,58,112,19,105,01/07/2014
Cumbria,0,108,10,7,2,96,5,36,41,59,44,87,01/07/2014
Derbyshire,2,184,14,45,9,178,19,47,52,53,33,158,01/07/2014
Devon and Cornwall,2,157,9,29,5,179,13,68,69,66,70,155,01/07/2014
Dorset,0,114,7,25,6,111,9,32,38,40,23,103,01/07/2014
Durham,0,120,13,21,5,167,9,36,34,67,16,76,01/07/2014
Dyfed Powys,0,72,9,16,0,57,3,28,84,54,33,209,01/07/2014
Essex,0,293,24,46,9,259,26,78,86,84,61,201,01/07/2014
Gloucestershire,1,81,5,15,1,101,8,18,44,17,24,73,01/07/2014
GreaterManchester,3,668,64,96,26,513,34,211,218,307,125,386,01/07/2014
Gwent,1,97,10,26,5,117,6,56,51,69,19,81,01/07/2014
Hampshire,4,350,28,35,21,336,18,104,138,100,73,277,01/07/2014
Hertfordshire,1,147,8,33,5,152,32,32,75,58,19,140,01/07/2014
Humberside,1,236,29,35,10,290,22,54,80,138,25,119,01/07/2014
Kent,4,240,28,51,12,331,23,98,135,79,123,190,01/07/2014
Lancashire,3,341,33,50,24,414,16,114,130,224,138,249,01/07/2014
Leicestershire,0,163,11,24,6,160,17,36,39,60,13,122,01/07/2014
Lincolnshire,3,125,11,19,5,155,10,28,49,71,16,154,01/07/2014
Merseyside,9,223,27,33,17,328,15,59,314,123,162,215,01/07/2014
Norfolk,2,196,10,14,8,138,7,38,80,113,15,103,01/07/2014
Northamptonshire,0,117,8,15,8,106,9,20,37,39,15,131,01/07/2014
Northumbria,1,293,34,70,17,473,29,106,125,159,147,235,01/07/2014
North Wales,1,96,12,18,5,165,7,41,30,57,99,100,01/07/2014
North Yorkshire,2,125,7,23,3,142,8,29,48,106,34,108,01/07/2014
Nottinghamshire,7,253,23,35,26,256,11,48,140,91,45,161,01/07/2014
South Wales,1,310,16,46,7,334,8,95,177,218,56,1231,01/07/2014
South Yorkshire,4,266,14,49,18,432,21,63,170,80,47,164,01/07/2014
Staffordshire,1,188,12,29,4,185,9,35,66,103,40,118,01/07/2014
Suffolk,1,158,8,16,5,116,12,35,54,63,8,93,01/07/2014
Surrey,0,115,12,23,7,129,17,29,72,50,50,120,01/07/2014
Sussex,0,250,23,37,10,281,13,44,95,83,109,232,01/07/2014
Thames Valley,3,252,23,44,11,332,15,80,145,149,33,297,01/07/2014
Warwickshire,0,63,9,16,0,92,7,16,28,20,15,76,01/07/2014
West Mercia,0,158,27,30,16,185,9,52,60,86,33,189,01/07/2014
West Midlands,2,478,42,101,58,636,26,128,233,165,211,326,01/07/2014
West Yorkshire,6,394,45,84,20,460,27,111,182,195,57,287,01/07/2014
Wiltshire,0,93,7,7,10,78,4,37,51,26,30,91,01/07/2014
Avon and Somerset,2,165,33,37,9,234,13,59,95,101,87,158,31/08/2014
Bedfordshire,3,80,4,7,13,90,5,19,34,39,4,50,31/08/2014
Cambridgeshire,2,87,7,13,4,91,6,29,24,48,11,74,31/08/2014
Cheshire,0,134,16,14,4,136,8,33,46,49,38,112,31/08/2014
Cleveland,0,92,10,38,7,260,9,48,59,93,21,63,31/08/2014
Cumbria,0,89,10,18,0,91,5,43,46,42,64,92,31/08/2014
Derbyshire,2,128,15,23,3,150,2,37,52,40,46,105,31/08/2014
Devon and Cornwall,0,153,6,18,1,140,13,38,62,56,82,177,31/08/2014
Dorset,0,85,3,14,3,71,2,25,33,39,25,80,31/08/2014
Durham,0,107,5,24,2,145,7,41,22,45,17,90,31/08/2014
Dyfed Powys,0,66,1,12,2,73,2,29,70,52,22,151,31/08/2014
Essex,1,239,28,40,11,195,29,65,80,60,46,186,31/08/2014
Gloucestershire,1,49,3,5,2,66,5,16,35,14,17,44,31/08/2014
GreaterManchester,7,609,26,110,33,516,32,173,178,271,111,341,31/08/2014
Gwent,2,95,8,22,4,114,3,41,30,64,20,82,31/08/2014
Hampshire,0,291,26,23,3,299,20,77,128,115,64,223,31/08/2014
Hertfordshire,0,179,11,39,1,144,18,39,72,70,26,143,31/08/2014
Humberside,3,178,18,38,8,203,12,42,71,126,32,118,31/08/2014
Kent,2,188,18,29,4,276,12,66,97,49,133,152,31/08/2014
Lancashire,0,281,27,65,21,280,9,89,109,121,179,237,31/08/2014
Leicestershire,0,123,14,21,10,135,9,34,33,51,24,125,31/08/2014
Lincolnshire,0,82,7,8,5,99,4,15,29,48,16,112,31/08/2014
Merseyside,1,202,27,35,16,213,11,57,180,111,108,153,31/08/2014
Norfolk,0,185,8,13,7,161,6,47,72,118,24,93,31/08/2014
Northamptonshire,3,84,14,21,4,110,7,24,36,52,13,118,31/08/2014
Northumbria,0,265,22,58,5,440,27,96,106,222,68,220,31/08/2014
North Wales,0,83,9,21,2,119,4,30,38,53,72,55,31/08/2014
North Yorkshire,0,103,4,29,7,148,8,30,58,81,16,99,31/08/2014
Nottinghamshire,2,188,9,47,16,225,9,43,98,75,39,151,31/08/2014
South Wales,0,285,20,36,5,277,20,75,153,149,64,363,31/08/2014
South Yorkshire,1,223,15,37,2,285,6,74,107,102,35,121,31/08/2014
Staffordshire,0,156,25,20,8,167,9,46,69,80,45,135,31/08/2014
Suffolk,0,149,5,19,4,109,9,36,46,88,10,79,31/08/2014
Surrey,0,98,11,17,0,126,11,42,76,30,55,120,31/08/2014
Sussex,1,214,14,27,8,139,20,36,84,89,70,154,31/08/2014
Thames Valley,1,305,30,75,25,297,20,42,145,143,37,285,31/08/2014
Warwickshire,0,54,9,5,1,62,3,7,19,15,11,81,31/08/2014
West Mercia,0,150,13,24,5,186,7,46,32,66,25,150,31/08/2014
West Midlands,1,426,31,80,36,492,29,93,173,132,149,270,31/08/2014
West Yorkshire,2,369,48,92,27,440,29,92,149,116,59,294,31/08/2014
Wiltshire,0,73,7,13,1,88,4,17,27,27,32,78,31/08/2014
Avon and Somerset,2,215,39,53,12,283,18,77,113,134,75,195,30/09/2014
Bedfordshire,4,69,10,9,6,87,8,16,49,25,6,97,30/09/2014
Cambridgeshire,0,110,4,25,3,109,8,29,58,43,14,79,30/09/2014
Cheshire,0,252,13,36,3,208,10,56,95,108,58,210,30/09/2014
Cleveland,0,111,12,34,6,241,12,35,75,122,26,97,30/09/2014
Cumbria,0,84,10,10,3,94,6,33,35,59,52,98,30/09/2014
Derbyshire,0,155,15,17,22,194,5,41,84,56,49,222,30/09/2014
Devon and Cornwall,0,171,7,17,5,166,13,54,68,69,95,188,30/09/2014
Dorset,0,100,7,18,5,80,10,38,37,54,40,95,30/09/2014
Durham,0,96,13,19,3,165,12,40,30,63,20,80,30/09/2014
Dyfed Powys,0,83,9,9,1,49,4,21,53,49,6,201,30/09/2014
Essex,1,334,39,38,10,274,20,73,119,72,61,209,30/09/2014
Gloucestershire,1,56,3,7,1,86,5,17,25,7,27,53,30/09/2014
GreaterManchester,1,645,51,77,43,459,37,169,228,310,125,367,30/09/2014
Gwent,0,71,1,10,4,81,3,20,35,60,17,36,30/09/2014
Hampshire,0,298,26,37,7,294,16,79,131,106,81,231,30/09/2014
Hertfordshire,0,185,14,15,7,192,20,26,63,71,14,157,30/09/2014
Humberside,1,214,21,40,5,216,25,44,80,100,34,139,30/09/2014
Kent,2,244,26,50,11,352,26,74,115,65,130,221,30/09/2014
Lancashire,1,307,28,74,23,307,20,98,138,189,128,253,30/09/2014
Leicestershire,1,121,10,26,15,127,7,27,29,61,20,134,30/09/2014
Lincolnshire,2,99,12,21,8,158,5,26,44,60,43,178,30/09/2014
Merseyside,0,370,32,47,16,424,26,70,313,170,138,260,30/09/2014
Norfolk,0,188,16,17,5,162,9,56,63,121,17,110,30/09/2014
Northamptonshire,1,105,15,22,10,98,13,31,37,46,8,121,30/09/2014
Northumbria,0,263,25,48,17,422,19,82,80,172,66,202,30/09/2014
North Wales,1,146,7,20,2,181,3,60,41,61,64,109,30/09/2014
North Yorkshire,1,126,7,18,1,178,15,47,48,94,27,144,30/09/2014
Nottinghamshire,1,215,8,28,16,248,7,69,122,87,79,174,30/09/2014
South Wales,0,229,17,46,10,227,10,70,136,124,29,958,30/09/2014
South Yorkshire,1,264,16,50,6,373,12,81,131,133,46,155,30/09/2014
Staffordshire,3,199,15,21,10,185,11,49,71,106,38,115,30/09/2014
Suffolk,0,145,9,9,6,106,14,37,43,91,5,94,30/09/2014
Surrey,0,106,9,17,3,139,15,26,54,53,55,152,30/09/2014
Sussex,0,214,25,25,15,242,19,53,106,84,107,197,30/09/2014
Thames Valley,1,301,30,36,9,296,24,51,150,91,18,231,30/09/2014
Warwickshire,0,56,6,12,1,64,6,11,23,25,20,86,30/09/2014
West Mercia,1,155,13,23,6,202,10,49,50,74,30,201,30/09/2014
West Midlands,4,502,41,85,71,532,44,100,174,151,150,292,30/09/2014
West Yorkshire,5,414,47,100,30,439,39,109,168,140,60,290,30/09/2014
Wiltshire,0,85,16,11,4,95,5,28,31,36,43,67,30/09/2014
Avon and Somerset,2,237,28,61,3,298,20,80,128,96,89,224,31/10/2014
Bedfordshire,2,84,10,12,10,85,5,21,40,24,11,72,31/10/2014
Cambridgeshire,0,87,10,16,7,97,11,24,33,36,20,67,31/10/2014
Cheshire,0,196,17,31,5,239,21,44,76,106,48,162,31/10/2014
Cleveland,1,139,12,34,3,380,8,39,73,119,44,181,31/10/2014
Cumbria,0,108,4,5,0,95,4,37,47,63,67,80,31/10/2014
Derbyshire,1,167,14,21,10,206,13,39,63,78,50,148,31/10/2014
Devon and Cornwall,0,198,16,24,11,178,16,59,59,64,76,203,31/10/2014
Dorset,0,101,7,15,2,96,4,28,46,48,44,99,31/10/2014
Durham,1,121,9,25,4,153,6,50,45,59,18,93,31/10/2014
Dyfed Powys,0,74,2,6,1,58,8,28,56,55,31,234,31/10/2014
Essex,0,275,34,36,9,236,29,50,87,89,48,217,31/10/2014
Gloucestershire,2,69,2,15,0,86,1,31,22,12,20,49,31/10/2014
GreaterManchester,0,649,50,100,30,483,36,181,264,254,132,318,31/10/2014
Gwent,2,124,9,19,0,177,3,48,76,95,35,192,31/10/2014
Hampshire,2,286,27,44,5,332,30,105,145,121,108,271,31/10/2014
Hertfordshire,0,207,14,27,7,205,13,41,71,63,17,183,31/10/2014
Humberside,0,158,27,29,11,204,13,47,70,121,12,96,31/10/2014
Kent,2,217,30,56,17,340,22,80,89,85,108,231,31/10/2014
Lancashire,2,343,24,64,11,306,10,108,128,187,132,260,31/10/2014
Leicestershire,2,144,12,14,8,148,18,37,30,56,11,151,31/10/2014
Lincolnshire,1,92,11,19,2,109,6,25,38,59,26,140,31/10/2014
Merseyside,1,271,35,34,8,303,33,58,256,167,90,226,31/10/2014
Norfolk,2,193,12,18,2,146,5,48,86,116,7,105,31/10/2014
Northamptonshire,0,110,6,11,1,119,8,23,34,43,10,114,31/10/2014
Northumbria,1,296,22,53,15,517,25,88,125,175,76,253,31/10/2014
North Wales,0,111,10,25,3,208,8,42,56,47,149,78,31/10/2014
North Yorkshire,0,116,4,15,1,164,11,33,47,90,15,92,31/10/2014
Nottinghamshire,2,231,16,49,17,221,10,70,109,87,72,170,31/10/2014
South Wales,2,389,12,53,7,386,11,118,188,214,92,739,31/10/2014
South Yorkshire,1,241,10,41,16,342,25,74,126,122,33,154,31/10/2014
Staffordshire,1,192,23,33,6,175,4,50,86,67,39,162,31/10/2014
Suffolk,0,128,5,17,1,113,4,33,53,72,15,65,31/10/2014
Surrey,0,108,14,23,7,113,21,29,83,58,75,145,31/10/2014
Sussex,1,244,25,42,5,266,26,47,112,116,70,187,31/10/2014
Thames Valley,4,355,40,44,12,301,24,68,141,132,22,245,31/10/2014
Warwickshire,1,76,6,19,3,94,7,15,17,26,20,70,31/10/2014
West Mercia,1,171,20,22,6,197,10,37,44,84,46,177,31/10/2014
West Midlands,1,477,35,77,55,603,28,125,206,127,185,343,31/10/2014
West Yorkshire,9,380,44,78,30,387,28,97,173,125,64,270,31/10/2014
Wiltshire,0,85,14,6,5,81,11,26,36,52,26,76,31/10/2014
Avon and Somerset,2,244,27,53,11,260,15,72,90,65,72,174,30/11/2014
Bedfordshire,1,83,3,15,14,81,6,17,40,35,6,72,30/11/2014
Cambridgeshire,1,115,8,15,8,120,9,30,38,53,35,94,30/11/2014
Cheshire,4,165,16,30,4,187,25,29,63,70,36,127,30/11/2014
Cleveland,1,115,12,25,5,257,5,37,56,91,24,75,30/11/2014
Cumbria,0,91,12,7,4,101,4,36,31,46,54,81,30/11/2014
Derbyshire,0,153,15,29,9,166,11,41,68,48,39,113,30/11/2014
Devon and Cornwall,1,167,9,23,2,158,8,49,62,55,61,151,30/11/2014
Dorset,0,102,4,21,5,117,6,27,41,37,20,87,30/11/2014
Durham,0,101,8,14,1,118,9,26,21,25,18,57,30/11/2014
Dyfed Powys,1,62,7,12,4,55,6,21,63,28,15,153,30/11/2014
Essex,0,267,37,32,3,250,12,58,102,72,46,206,30/11/2014
Gloucestershire,0,62,3,9,11,72,6,21,42,10,15,50,30/11/2014
GreaterManchester,1,622,41,70,50,415,31,153,159,286,102,350,30/11/2014
Gwent,0,64,7,16,0,102,7,35,48,73,25,103,30/11/2014
Hampshire,1,277,24,31,9,259,19,65,104,92,100,222,30/11/2014
Hertfordshire,0,185,8,26,5,166,10,39,66,74,6,157,30/11/2014
Humberside,0,184,24,26,3,223,7,60,83,116,12,88,30/11/2014
Kent,1,227,37,52,13,301,30,86,134,65,108,175,30/11/2014
Lancashire,1,309,33,80,22,276,18,94,103,171,84,223,30/11/2014
Leicestershire,1,167,13,31,11,104,4,30,37,54,15,108,30/11/2014
Lincolnshire,0,101,11,13,2,123,7,23,22,46,19,120,30/11/2014
Merseyside,0,277,29,29,18,270,20,55,215,111,123,213,30/11/2014
Norfolk,0,157,18,15,6,164,6,44,48,107,18,118,30/11/2014
Northamptonshire,0,95,9,15,5,94,7,21,44,35,8,99,30/11/2014
Northumbria,1,280,18,52,11,365,30,76,87,168,68,198,30/11/2014
North Wales,0,117,12,23,6,146,13,37,26,57,20,106,30/11/2014
North Yorkshire,2,105,3,17,3,128,10,26,31,72,12,140,30/11/2014
Nottinghamshire,0,233,13,40,6,188,5,53,118,66,40,150,30/11/2014
South Wales,0,263,30,47,8,246,13,72,139,167,37,745,30/11/2014
South Yorkshire,0,240,14,36,19,345,12,75,113,106,20,141,30/11/2014
Staffordshire,1,169,12,25,3,113,10,43,69,64,36,126,30/11/2014
Suffolk,0,134,11,12,2,100,6,34,39,66,9,106,30/11/2014
Surrey,0,78,14,8,1,92,16,16,82,24,36,107,30/11/2014
Sussex,1,222,14,33,8,192,21,49,94,61,70,201,30/11/2014
Thames Valley,5,300,49,49,17,288,25,67,137,155,30,272,30/11/2014
Warwickshire,0,49,5,16,3,75,3,14,14,15,35,92,30/11/2014
West Mercia,0,131,27,20,5,150,7,33,55,51,24,157,30/11/2014
West Midlands,1,443,36,49,37,578,23,115,196,131,152,317,30/11/2014
West Yorkshire,2,381,42,67,18,398,16,85,93,118,28,209,30/11/2014
Wiltshire,0,70,6,11,4,64,4,24,24,28,14,65,30/11/2014
Avon and Somerset,2,227,52,25,3,276,13,67,100,81,71,195,31/12/2014
Bedfordshire,0,79,5,13,6,78,7,16,26,21,6,79,31/12/2014
Cambridgeshire,0,98,5,18,4,89,7,25,45,40,7,88,31/12/2014
Cheshire,3,142,15,21,6,205,9,36,64,72,40,111,31/12/2014
Cleveland,2,104,12,23,9,244,6,45,35,103,26,75,31/12/2014
Cumbria,0,102,6,7,3,98,5,26,33,39,58,84,31/12/2014
Derbyshire,0,164,18,13,3,181,7,42,45,66,28,113,31/12/2014
Devon and Cornwall,1,208,6,14,5,160,10,54,68,51,53,161,31/12/2014
Dorset,1,104,7,7,5,91,9,22,35,20,15,82,31/12/2014
Durham,0,120,10,28,0,116,5,35,22,42,13,64,31/12/2014
Dyfed Powys,0,54,3,6,0,50,3,15,60,29,1,90,31/12/2014
Essex,1,314,37,39,11,236,21,52,89,66,33,209,31/12/2014
Gloucestershire,0,68,3,21,1,92,3,13,26,22,11,57,31/12/2014
GreaterManchester,2,574,43,82,26,389,33,139,153,252,90,335,31/12/2014
Gwent,0,89,3,17,3,90,3,26,40,41,6,138,31/12/2014
Hampshire,3,295,28,28,15,256,20,72,93,95,52,236,31/12/2014
Hertfordshire,1,185,6,30,2,174,17,47,94,76,20,158,31/12/2014
Humberside,2,169,30,40,8,242,13,23,70,85,30,120,31/12/2014
Kent,10,227,26,34,10,292,30,51,99,54,107,209,31/12/2014
Lancashire,3,269,35,64,8,327,19,80,122,163,101,262,31/12/2014
Leicestershire,3,133,17,10,15,126,15,34,35,65,11,91,31/12/2014
Lincolnshire,0,85,6,14,2,121,6,17,21,48,21,76,31/12/2014
Merseyside,0,278,25,26,9,266,14,61,218,113,114,172,31/12/2014
Norfolk,0,149,8,22,4,134,6,44,52,108,15,99,31/12/2014
Northamptonshire,2,84,6,8,8,116,5,21,30,44,17,102,31/12/2014
Northumbria,3,260,18,56,8,371,13,77,85,138,64,132,31/12/2014
North Wales,0,132,12,7,1,151,3,46,27,67,8,95,31/12/2014
North Yorkshire,0,97,8,26,4,126,14,25,35,71,22,118,31/12/2014
Nottinghamshire,1,164,10,54,17,232,7,45,97,61,49,129,31/12/2014
South Wales,0,287,22,53,15,292,15,84,137,161,28,573,31/12/2014
South Yorkshire,2,258,8,56,16,277,16,66,96,87,37,144,31/12/2014
Staffordshire,2,142,9,33,14,177,7,27,57,62,32,117,31/12/2014
Suffolk,1,142,9,17,1,111,7,34,53,66,12,94,31/12/2014
Surrey,0,98,6,13,5,98,4,19,59,28,38,130,31/12/2014
Sussex,0,201,22,42,15,216,15,47,122,85,50,208,31/12/2014
Thames Valley,1,297,45,46,17,304,24,62,179,98,23,220,31/12/2014
Warwickshire,0,44,3,29,0,67,5,11,13,14,14,87,31/12/2014
West Mercia,2,158,21,26,7,169,3,38,46,78,25,151,31/12/2014
West Midlands,3,462,38,86,62,515,17,109,187,114,119,311,31/12/2014
West Yorkshire,4,420,61,122,30,376,17,96,130,127,43,244,31/12/2014
Wiltshire,0,73,9,6,0,113,7,29,21,44,10,80,31/12/2014
Avon and Somerset,0,262,29,26,12,290,25,89,105,124,90,242,31/01/2015
Bedfordshire,1,105,11,9,2,110,5,20,33,28,12,84,31/01/2015
Cambridgeshire,0,94,6,2,1,88,5,21,48,32,6,64,31/01/2015
Cheshire,1,195,19,27,8,179,18,40,80,74,46,140,31/01/2015
Cleveland,1,130,6,29,6,283,7,38,79,96,11,69,31/01/2015
Cumbria,0,97,9,7,0,101,11,32,37,35,58,102,31/01/2015
Derbyshire,1,153,12,20,7,157,6,47,69,63,27,120,31/01/2015
Devon and Cornwall,1,165,14,25,8,151,6,52,67,78,75,222,31/01/2015
Dorset,0,96,7,10,8,124,6,23,32,43,13,81,31/01/2015
Durham,1,118,7,22,3,138,12,55,28,55,8,100,31/01/2015
Dyfed Powys,1,77,5,9,0,70,6,28,103,56,4,75,31/01/2015
Essex,2,326,32,44,7,279,23,55,89,97,38,231,31/01/2015
Gloucestershire,1,61,4,12,0,103,8,23,38,30,20,58,31/01/2015
GreaterManchester,4,660,56,83,17,446,59,148,165,290,66,420,31/01/2015
Gwent,3,114,7,17,3,116,8,44,58,62,2,86,31/01/2015
Hampshire,0,348,38,29,10,318,29,71,126,126,21,262,31/01/2015
Hertfordshire,0,186,9,19,11,159,23,43,81,62,11,167,31/01/2015
Humberside,1,193,42,22,5,222,16,50,67,99,22,133,31/01/2015
Kent,2,231,25,37,10,257,13,71,105,82,69,192,31/01/2015
Lancashire,0,283,29,73,33,243,22,95,106,156,89,270,31/01/2015
Leicestershire,1,160,20,21,11,195,14,35,39,56,25,122,31/01/2015
Lincolnshire,1,98,6,20,5,145,3,28,29,64,8,133,31/01/2015
Merseyside,3,284,26,46,22,276,13,66,265,126,97,200,31/01/2015
Norfolk,0,205,11,12,3,149,11,57,71,92,13,115,31/01/2015
Northamptonshire,0,90,13,10,5,117,4,14,47,41,10,88,31/01/2015
Northumbria,2,255,17,34,4,439,20,100,94,195,61,186,31/01/2015
North Wales,0,137,14,17,3,133,6,50,26,94,13,110,31/01/2015
North Yorkshire,1,110,7,8,2,129,8,32,33,78,18,110,31/01/2015
Nottinghamshire,0,237,14,29,4,235,12,60,98,64,38,151,31/01/2015
South Wales,0,326,18,60,8,305,16,100,198,217,13,771,31/01/2015
South Yorkshire,2,204,7,32,12,346,9,66,103,115,49,166,31/01/2015
Staffordshire,0,181,16,30,6,198,12,45,71,71,37,146,31/01/2015
Suffolk,1,158,9,11,4,98,6,33,43,57,14,96,31/01/2015
Surrey,0,117,6,24,3,99,6,25,52,44,41,160,31/01/2015
Sussex,0,206,22,21,6,243,19,56,111,65,60,231,31/01/2015
Thames Valley,0,334,32,29,17,319,28,62,145,138,20,296,31/01/2015
Warwickshire,0,59,3,10,5,64,1,28,14,24,26,81,31/01/2015
West Mercia,1,172,27,17,7,167,4,31,62,82,34,164,31/01/2015
West Midlands,1,500,35,95,49,567,27,117,187,159,128,349,31/01/2015
West Yorkshire,7,417,55,123,32,395,27,109,106,140,58,314,31/01/2015
Wiltshire,0,101,4,6,2,88,4,21,20,33,5,63,31/01/2015
Avon and Somerset,0,264,36,39,21,273,9,64,97,75,61,223,28/02/2015
Bedfordshire,0,84,4,9,8,70,5,20,38,25,17,63,28/02/2015
Cambridgeshire,1,125,14,15,8,108,5,20,56,46,3,84,28/02/2015
Cheshire,1,197,11,31,6,203,10,35,86,95,39,164,28/02/2015
Cleveland,0,126,10,35,7,273,8,53,64,79,13,63,28/02/2015
Cumbria,0,109,2,10,2,105,4,27,39,71,31,93,28/02/2015
Derbyshire,1,163,12,19,12,218,13,52,82,63,43,133,28/02/2015
Devon and Cornwall,0,150,13,15,1,144,6,50,59,43,52,174,28/02/2015
Dorset,0,85,6,6,2,93,3,27,29,34,5,82,28/02/2015
Durham,0,106,7,16,5,139,6,47,21,52,6,73,28/02/2015
Dyfed Powys,0,62,4,2,0,47,3,30,78,26,1,61,28/02/2015
Essex,1,346,27,42,8,246,19,53,89,52,45,190,28/02/2015
Gloucestershire,2,56,6,14,9,100,16,10,35,14,23,72,28/02/2015
GreaterManchester,3,624,45,99,38,500,39,143,201,250,45,400,28/02/2015
Gwent,1,83,8,23,8,151,4,40,68,68,9,70,28/02/2015
Hampshire,1,312,44,41,5,295,13,59,121,112,17,208,28/02/2015
Hertfordshire,0,161,4,21,5,156,9,29,68,47,15,123,28/02/2015
Humberside,0,157,30,29,7,201,15,47,63,69,26,110,28/02/2015
Kent,1,199,21,39,11,274,25,67,83,87,68,190,28/02/2015
Lancashire,1,265,31,64,23,277,15,81,98,175,116,264,28/02/2015
Leicestershire,0,173,15,22,4,164,12,41,39,68,17,116,28/02/2015
Lincolnshire,3,97,10,11,3,103,12,23,27,50,19,124,28/02/2015
Merseyside,2,285,32,39,15,292,31,76,264,153,81,191,28/02/2015
Norfolk,0,149,13,15,1,143,14,46,74,90,18,89,28/02/2015
Northamptonshire,0,105,10,13,0,99,6,27,39,30,15,121,28/02/2015
Northumbria,1,282,13,64,13,422,23,77,76,197,59,219,28/02/2015
North Wales,1,161,16,22,3,139,7,45,59,65,12,78,28/02/2015
North Yorkshire,1,102,9,22,3,144,7,34,35,64,28,112,28/02/2015
Nottinghamshire,1,233,18,23,9,273,17,63,123,78,51,172,28/02/2015
South Wales,1,339,26,44,12,300,17,69,169,167,14,643,28/02/2015
South Yorkshire,5,227,9,49,10,283,11,64,87,99,24,141,28/02/2015
Staffordshire,0,157,10,31,7,196,14,40,66,75,21,186,28/02/2015
Suffolk,0,110,6,9,2,135,8,42,66,66,9,87,28/02/2015
Surrey,0,111,10,16,1,83,11,20,67,41,32,132,28/02/2015
Sussex,0,261,25,34,2,241,23,60,97,89,40,225,28/02/2015
Thames Valley,3,300,35,40,11,330,32,62,133,121,34,235,28/02/2015
Warwickshire,2,60,10,7,5,65,4,12,12,25,14,85,28/02/2015
West Mercia,0,206,13,23,1,164,17,27,61,67,25,139,28/02/2015
West Midlands,0,461,41,79,42,647,35,88,216,137,132,310,28/02/2015
West Yorkshire,4,466,42,78,24,378,22,104,116,115,52,302,28/02/2015
Wiltshire,0,108,9,6,0,94,3,33,26,59,5,66,28/02/2015
Avon and Somerset,0,277,54,49,5,338,23,74,94,124,72,244,31/03/2015
Bedfordshire,0,125,4,17,7,106,11,15,47,49,18,74,31/03/2015
Cambridgeshire,0,110,6,15,3,108,7,22,46,32,9,71,31/03/2015
Cheshire,0,193,14,33,11,185,20,32,117,63,68,110,31/03/2015
Cleveland,0,136,14,29,4,284,11,37,76,111,15,86,31/03/2015
Cumbria,1,96,12,14,0,95,7,33,55,51,58,114,31/03/2015
Derbyshire,0,160,34,39,11,201,14,54,73,52,32,99,31/03/2015
Devon and Cornwall,2,205,12,40,14,183,18,71,108,61,89,186,31/03/2015
Dorset,0,105,11,14,2,103,6,28,40,35,9,77,31/03/2015
Durham,0,128,9,34,3,157,7,45,28,59,6,88,31/03/2015
Dyfed Powys,1,64,8,10,0,51,6,14,69,31,2,68,31/03/2015
Essex,0,294,38,45,12,233,23,73,109,51,36,222,31/03/2015
Gloucestershire,0,74,4,27,5,74,6,22,35,9,26,61,31/03/2015
GreaterManchester,3,700,52,91,33,473,43,140,207,267,47,373,31/03/2015
Gwent,2,111,11,12,6,119,8,41,49,66,3,77,31/03/2015
Hampshire,3,299,40,41,11,287,12,67,113,107,26,227,31/03/2015
Hertfordshire,0,208,11,21,10,182,8,28,81,57,18,167,31/03/2015
Humberside,1,193,23,36,11,237,14,49,66,80,20,123,31/03/2015
Kent,0,267,33,68,15,324,25,67,99,82,77,202,31/03/2015
Lancashire,2,323,22,76,20,449,25,104,122,162,115,327,31/03/2015
Leicestershire,0,176,12,33,10,174,19,40,44,40,20,128,31/03/2015
Lincolnshire,1,107,0,13,3,96,9,26,36,55,14,139,31/03/2015
Merseyside,4,318,34,45,8,298,14,63,243,112,112,183,31/03/2015
Norfolk,0,203,6,18,6,143,4,53,54,106,12,118,31/03/2015
Northamptonshire,0,122,9,18,6,137,7,37,40,45,19,120,31/03/2015
Northumbria,2,254,25,55,10,460,24,113,108,243,73,248,31/03/2015
North Wales,0,142,16,28,5,136,8,28,36,86,15,86,31/03/2015
North Yorkshire,0,112,1,23,3,130,14,36,40,55,24,130,31/03/2015
Nottinghamshire,0,234,14,25,9,248,11,89,113,96,44,141,31/03/2015
South Wales,1,323,17,51,10,281,15,86,119,145,8,658,31/03/2015
South Yorkshire,0,236,10,57,17,338,15,82,96,98,34,157,31/03/2015
Staffordshire,2,225,14,42,10,219,11,58,88,78,33,156,31/03/2015
Suffolk,0,139,8,16,1,98,5,38,37,52,7,107,31/03/2015
Surrey,0,162,7,13,4,93,13,23,64,48,22,121,31/03/2015
Sussex,1,270,30,30,10,224,27,65,91,83,63,228,31/03/2015
Thames Valley,2,381,45,47,15,321,29,66,142,127,26,258,31/03/2015
Warwickshire,0,66,5,9,2,73,6,10,26,16,25,81,31/03/2015
West Mercia,5,223,22,19,7,189,11,46,42,52,35,146,31/03/2015
West Midlands,2,513,38,84,46,683,31,120,208,152,135,335,31/03/2015
West Yorkshire,8,470,51,61,22,447,34,102,152,145,56,314,31/03/2015
Wiltshire,1,139,15,7,3,105,5,28,39,63,5,71,31/03/2015
Avon and Somerset,3,262,50,24,11,269,15,82,96,86,56,205,30/04/2015
Bedfordshire,0,81,3,14,14,54,10,12,31,23,15,51,30/04/2015
Cambridgeshire,0,115,6,16,2,87,10,20,50,61,15,87,30/04/2015
Cheshire,1,177,18,25,1,149,9,24,95,48,65,105,30/04/2015
Cleveland,1,127,9,26,9,285,8,50,84,77,8,69,30/04/2015
Cumbria,0,100,5,10,0,94,5,27,40,42,56,95,30/04/2015
Derbyshire,0,166,7,13,4,120,12,44,63,72,26,107,30/04/2015
Devon and Cornwall,0,169,5,22,1,148,3,49,63,39,78,150,30/04/2015
Dorset,0,101,8,15,3,112,4,26,41,34,1,84,30/04/2015
Durham,0,103,12,27,2,117,16,47,26,47,5,70,30/04/2015
Dyfed Powys,0,72,3,7,1,43,2,29,86,35,0,50,30/04/2015
Essex,1,280,38,28,5,159,20,65,57,70,45,193,30/04/2015
Gloucestershire,0,56,4,11,3,58,3,16,17,27,22,46,30/04/2015
GreaterManchester,2,644,65,101,48,466,48,126,180,240,62,433,30/04/2015
Gwent,0,98,5,19,2,106,7,45,47,73,12,85,30/04/2015
Hampshire,5,319,43,28,5,214,27,54,78,69,16,248,30/04/2015
Hertfordshire,0,135,6,9,5,154,12,27,40,48,28,88,30/04/2015
Humberside,1,154,29,24,9,222,12,50,73,80,34,139,30/04/2015
Kent,4,257,27,25,9,241,17,67,70,68,67,180,30/04/2015
Lancashire,1,290,25,45,26,218,16,77,84,109,96,234,30/04/2015
Leicestershire,1,149,18,22,9,147,15,26,46,64,22,120,30/04/2015
Lincolnshire,2,105,12,20,1,125,6,26,44,34,29,144,30/04/2015
Merseyside,2,308,18,33,13,260,10,66,227,59,109,192,30/04/2015
Norfolk,0,183,6,13,2,133,19,46,48,99,18,125,30/04/2015
Northamptonshire,0,122,3,4,6,123,7,28,37,42,15,117,30/04/2015
Northumbria,1,273,27,38,8,479,15,105,93,210,54,199,30/04/2015
North Wales,0,130,8,25,1,143,3,35,41,70,19,119,30/04/2015
North Yorkshire,2,121,6,12,7,149,9,39,43,79,9,113,30/04/2015
Nottinghamshire,0,200,13,21,5,183,29,58,103,74,41,120,30/04/2015
South Wales,1,303,26,38,5,284,11,80,150,179,22,662,30/04/2015
South Yorkshire,0,237,9,27,9,303,25,61,120,98,36,169,30/04/2015
Staffordshire,4,151,17,22,5,171,9,39,59,59,31,163,30/04/2015
Suffolk,0,130,2,4,6,98,5,34,34,44,4,99,30/04/2015
Surrey,0,148,12,18,4,107,32,28,54,54,20,116,30/04/2015
Sussex,0,269,28,36,6,235,11,52,92,63,41,214,30/04/2015
Thames Valley,5,291,40,34,17,282,31,57,127,104,31,231,30/04/2015
Warwickshire,1,78,4,10,2,55,4,10,10,13,21,76,30/04/2015
West Mercia,2,165,17,23,4,139,11,44,57,51,24,152,30/04/2015
West Midlands,4,540,51,58,49,583,26,86,183,129,99,322,30/04/2015
West Yorkshire,2,443,41,77,18,380,25,103,149,120,64,298,30/04/2015
Wiltshire,0,81,6,9,8,75,9,26,30,35,0,73,30/04/2015
Avon and Somerset,5,223,44,30,5,237,18,59,92,82,61,209,31/05/2015
Bedfordshire,1,98,6,12,16,86,7,24,30,47,17,65,31/05/2015
Cambridgeshire,1,105,6,11,11,105,8,27,35,41,7,99,31/05/2015
Cheshire,1,241,25,31,3,213,13,54,111,70,47,180,31/05/2015
Cleveland,1,102,11,20,6,237,20,35,41,95,5,74,31/05/2015
Cumbria,0,77,6,13,0,69,5,23,37,40,57,79,31/05/2015
Derbyshire,1,147,18,11,2,125,14,39,69,69,17,109,31/05/2015
Devon and Cornwall,2,181,10,23,5,134,11,50,80,65,68,169,31/05/2015
Dorset,0,97,8,12,0,87,6,25,45,42,4,85,31/05/2015
Durham,0,122,10,15,2,125,3,39,16,54,12,77,31/05/2015
Dyfed Powys,0,57,4,8,0,44,2,25,59,25,2,51,31/05/2015
Essex,0,280,43,12,8,178,15,47,88,32,47,163,31/05/2015
Gloucestershire,0,70,1,16,0,93,6,18,17,13,14,51,31/05/2015
GreaterManchester,1,619,41,64,24,393,28,133,161,257,67,360,31/05/2015
Gwent,0,100,6,18,9,80,3,36,46,51,5,55,31/05/2015
Hampshire,1,324,33,25,12,245,21,77,102,83,13,246,31/05/2015
Hertfordshire,1,151,6,25,4,190,17,36,51,62,26,107,31/05/2015
Humberside,1,131,13,36,2,179,4,45,61,88,23,121,31/05/2015
Kent,1,225,18,40,5,242,27,51,90,53,52,155,31/05/2015
Lancashire,1,272,28,51,12,297,14,74,111,118,109,220,31/05/2015
Leicestershire,1,129,5,20,4,123,9,23,24,20,13,130,31/05/2015
Lincolnshire,1,84,12,16,2,102,2,27,40,46,13,123,31/05/2015
Merseyside,3,378,35,27,15,293,27,93,221,114,72,198,31/05/2015
Norfolk,1,176,6,18,5,140,4,43,55,82,16,100,31/05/2015
Northamptonshire,0,116,7,12,2,93,3,34,30,40,17,122,31/05/2015
Northumbria,0,265,19,51,8,523,14,101,84,209,60,209,31/05/2015
North Wales,0,175,11,11,4,125,7,36,44,81,15,98,31/05/2015
North Yorkshire,3,105,4,23,2,148,11,23,39,55,14,110,31/05/2015
Nottinghamshire,0,247,15,26,7,230,11,60,117,85,36,182,31/05/2015
South Wales,1,270,27,54,9,304,12,60,132,174,8,599,31/05/2015
South Yorkshire,5,217,13,32,11,272,19,68,94,63,42,146,31/05/2015
Staffordshire,0,158,18,27,12,155,9,35,85,47,29,138,31/05/2015
Suffolk,2,150,6,5,0,78,2,26,32,52,12,88,31/05/2015
Surrey,0,136,13,26,4,95,21,20,55,36,24,133,31/05/2015
Sussex,0,244,30,26,21,256,14,49,84,73,39,195,31/05/2015
Thames Valley,3,265,32,26,10,279,29,61,98,104,33,242,31/05/2015
Warwickshire,1,42,7,12,2,69,2,9,19,19,19,70,31/05/2015
West Mercia,2,197,18,19,3,133,10,49,51,45,21,154,31/05/2015
West Midlands,3,474,29,62,46,539,18,100,173,114,130,298,31/05/2015
West Yorkshire,4,424,46,67,24,396,23,99,150,128,49,304,31/05/2015
Wiltshire,0,91,6,8,2,71,6,24,24,29,4,75,31/05/2015
Avon and Somerset,6,267,39,25,11,278,17,67,112,93,40,225,30/06/2015
Bedfordshire,1,81,5,17,13,85,10,33,37,34,16,83,30/06/2015
Cambridgeshire,0,96,6,21,5,52,10,23,29,13,15,81,30/06/2015
Cheshire,0,201,18,14,3,156,13,39,84,55,32,157,30/06/2015
Cleveland,1,109,19,39,5,297,10,46,66,103,14,84,30/06/2015
Cumbria,0,92,9,10,2,93,7,31,52,36,34,81,30/06/2015
Derbyshire,0,215,11,28,5,211,20,41,92,101,17,125,30/06/2015
Devon and Cornwall,0,190,4,19,8,173,6,45,77,47,58,200,30/06/2015
Dorset,1,123,13,21,1,111,8,15,47,44,8,84,30/06/2015
Durham,0,114,8,35,3,129,5,41,22,70,15,75,30/06/2015
Dyfed Powys,0,101,9,5,1,51,3,22,78,44,5,67,30/06/2015
Essex,2,249,37,23,11,158,12,56,67,38,28,195,30/06/2015
Gloucestershire,0,87,6,9,1,64,4,16,24,15,15,58,30/06/2015
GreaterManchester,2,705,59,83,30,495,48,185,169,196,93,477,30/06/2015
Gwent,3,145,8,14,6,106,4,32,51,52,9,67,30/06/2015
Hampshire,2,320,38,28,25,236,15,58,79,108,24,225,30/06/2015
Hertfordshire,1,181,6,29,8,191,20,42,86,52,30,189,30/06/2015
Humberside,0,206,26,23,8,203,11,34,60,87,30,126,30/06/2015
Kent,2,302,22,50,14,280,24,54,87,72,46,258,30/06/2015
Lancashire,0,272,38,50,11,296,20,85,123,173,103,300,30/06/2015
Leicestershire,1,167,6,15,2,121,5,36,47,37,11,127,30/06/2015
Lincolnshire,0,114,7,12,2,140,5,32,46,68,10,141,30/06/2015
Merseyside,6,303,30,19,5,218,17,49,167,88,50,165,30/06/2015
Norfolk,0,171,6,17,5,155,4,47,35,111,14,120,30/06/2015
Northamptonshire,0,128,13,14,6,130,6,22,56,40,9,109,30/06/2015
Northumbria,4,303,24,60,10,462,27,110,134,262,56,208,30/06/2015
North Wales,1,198,16,16,1,140,4,36,48,45,10,88,30/06/2015
North Yorkshire,2,138,3,16,1,140,14,33,47,63,21,135,30/06/2015
Nottinghamshire,4,241,18,39,8,253,14,51,112,113,60,166,30/06/2015
South Wales,1,346,27,52,13,323,25,86,156,153,19,643,30/06/2015
South Yorkshire,4,261,6,53,8,397,30,74,120,97,28,170,30/06/2015
Staffordshire,0,172,15,24,5,167,10,54,85,62,34,169,30/06/2015
Suffolk,0,134,2,9,9,98,4,31,49,59,15,115,30/06/2015
Surrey,0,150,15,13,4,116,13,14,71,35,16,128,30/06/2015
Sussex,1,277,31,27,6,238,22,46,107,72,28,240,30/06/2015
Thames Valley,1,348,52,41,8,336,34,70,160,117,59,321,30/06/2015
Warwickshire,0,74,5,9,3,64,1,18,20,22,11,82,30/06/2015
West Mercia,2,181,26,15,7,171,8,45,71,62,27,173,30/06/2015
West Midlands,5,577,60,94,68,662,21,109,196,191,116,378,30/06/2015
West Yorkshire,4,518,72,88,18,380,34,110,173,146,49,305,30/06/2015
Wiltshire,0,105,11,8,1,95,4,28,29,39,5,86,30/06/2015
Avon and Somerset,7,300,52,30,8,246,18,81,121,98,52,196,31/07/2015
Bedfordshire,0,93,4,16,5,89,23,29,32,31,8,72,31/07/2015
Cambridgeshire,0,154,12,12,7,87,7,40,58,19,17,103,31/07/2015
Cheshire,1,262,27,26,3,187,14,62,80,72,22,143,31/07/2015
Cleveland,0,120,10,36,14,243,12,51,41,80,9,68,31/07/2015
Cumbria,0,117,7,16,3,81,14,42,45,16,42,89,31/07/2015
Derbyshire,0,198,26,28,10,141,11,52,71,85,14,110,31/07/2015
Devon and Cornwall,0,185,12,20,0,148,9,61,64,54,71,249,31/07/2015
Dorset,0,149,13,10,2,137,10,26,51,62,4,90,31/07/2015
Durham,1,106,6,19,2,98,8,35,16,57,11,86,31/07/2015
Dyfed Powys,0,95,9,7,0,59,5,27,81,33,3,87,31/07/2015
Essex,4,293,45,37,24,206,34,63,81,49,30,236,31/07/2015
Gloucestershire,0,68,4,11,5,84,3,28,24,15,13,55,31/07/2015
GreaterManchester,2,690,60,73,41,403,37,142,175,275,102,485,31/07/2015
Gwent,2,141,6,13,4,112,6,40,56,40,7,99,31/07/2015
Hampshire,3,323,33,41,2,264,23,57,97,114,13,267,31/07/2015
Hertfordshire,1,176,7,28,15,192,9,19,71,47,25,166,31/07/2015
Humberside,2,180,36,28,1,174,13,44,54,74,19,130,31/07/2015
Kent,1,260,23,58,9,273,29,65,122,75,45,215,31/07/2015
Lancashire,4,323,30,60,12,281,14,97,132,115,118,263,31/07/2015
Leicestershire,2,126,15,6,0,73,7,14,14,27,9,86,31/07/2015
Lincolnshire,2,112,8,20,0,143,6,37,28,73,9,145,31/07/2015
Merseyside,4,347,21,26,12,219,19,67,219,118,34,218,31/07/2015
Norfolk,0,174,8,17,5,126,4,44,53,92,17,116,31/07/2015
Northamptonshire,0,79,10,8,1,71,5,18,26,31,4,99,31/07/2015
Northumbria,1,306,19,62,11,441,18,125,98,226,50,281,31/07/2015
North Wales,3,178,12,23,0,146,17,48,46,58,10,118,31/07/2015
North Yorkshire,1,123,12,19,1,141,12,37,59,98,15,127,31/07/2015
Nottinghamshire,3,274,15,39,7,226,20,53,102,94,41,158,31/07/2015
South Wales,2,396,28,51,9,313,14,64,221,170,16,720,31/07/2015
South Yorkshire,2,262,5,38,11,317,19,58,116,100,30,165,31/07/2015
Staffordshire,2,195,23,35,3,181,8,45,73,56,55,153,31/07/2015
Suffolk,0,124,5,10,1,78,7,26,37,36,7,90,31/07/2015
Surrey,0,195,11,10,4,84,11,14,55,43,18,168,31/07/2015
Sussex,0,276,39,24,7,206,18,51,94,91,25,258,31/07/2015
Thames Valley,2,373,48,26,9,313,31,64,145,147,37,276,31/07/2015
Warwickshire,1,92,5,5,3,71,5,14,21,17,17,66,31/07/2015
West Mercia,1,230,29,21,0,199,9,46,61,53,29,188,31/07/2015
West Midlands,4,674,55,75,45,648,37,115,231,202,130,406,31/07/2015
West Yorkshire,4,455,36,75,27,392,23,105,118,164,62,337,31/07/2015
Wiltshire,0,109,11,10,2,98,9,24,19,39,5,69,31/07/2015
Avon and Somerset,3,320,40,41,12,234,21,66,118,88,44,183,31/08/2015
Bedfordshire,1,58,5,9,5,58,4,14,13,16,9,53,31/08/2015
Cambridgeshire,0,89,5,11,3,60,6,31,29,20,16,84,31/08/2015
Cheshire,0,188,20,22,4,151,6,49,72,70,13,133,31/08/2015
Cleveland,0,87,13,34,5,261,22,45,46,81,19,78,31/08/2015
Cumbria,0,83,7,4,0,77,5,27,39,57,24,69,31/08/2015
Derbyshire,1,212,13,17,9,152,9,32,60,52,30,127,31/08/2015
Devon and Cornwall,1,192,17,46,7,146,27,55,95,63,82,194,31/08/2015
Dorset,0,140,7,8,1,95,6,19,24,31,2,74,31/08/2015
Durham,0,100,10,18,0,138,7,31,30,58,8,102,31/08/2015
Dyfed Powys,0,68,5,5,1,40,6,17,66,24,2,61,31/08/2015
Essex,1,242,26,14,5,182,16,56,61,33,24,187,31/08/2015
Gloucestershire,1,99,4,6,2,58,3,19,31,12,7,60,31/08/2015
GreaterManchester,0,558,47,53,21,368,23,162,152,224,111,372,31/08/2015
Gwent,1,129,7,15,2,80,2,30,39,52,5,45,31/08/2015
Hampshire,4,283,35,48,9,221,29,57,88,74,13,240,31/08/2015
Hertfordshire,0,107,6,17,3,103,6,21,32,29,8,96,31/08/2015
Humberside,1,163,29,24,3,187,4,43,61,76,7,127,31/08/2015
Kent,4,234,30,35,8,251,26,49,111,61,43,188,31/08/2015
Lancashire,3,281,35,55,9,237,21,79,92,121,58,218,31/08/2015
Leicestershire,1,173,14,28,2,143,11,37,43,45,12,162,31/08/2015
Lincolnshire,0,109,12,16,3,122,5,21,40,41,25,122,31/08/2015
Merseyside,1,259,25,22,10,182,16,45,180,86,10,120,31/08/2015
Norfolk,0,177,5,14,3,119,10,46,51,79,24,117,31/08/2015
Northamptonshire,1,157,15,13,6,156,7,36,58,34,12,154,31/08/2015
Northumbria,2,362,25,42,8,435,18,134,114,194,34,251,31/08/2015
North Wales,0,171,14,21,2,127,10,37,45,53,8,110,31/08/2015
North Yorkshire,0,106,7,15,3,124,7,36,40,71,18,107,31/08/2015
Nottinghamshire,0,277,17,24,16,257,20,73,120,78,56,179,31/08/2015
South Wales,0,354,22,47,10,248,22,60,122,138,19,621,31/08/2015
South Yorkshire,1,208,9,60,10,237,12,71,92,100,23,158,31/08/2015
Staffordshire,0,160,21,25,1,128,8,42,73,45,38,144,31/08/2015
Suffolk,0,115,6,7,2,93,4,25,51,47,22,83,31/08/2015
Surrey,0,140,10,11,5,74,8,15,42,53,11,109,31/08/2015
Sussex,0,240,25,25,5,194,20,36,81,73,26,186,31/08/2015
Thames Valley,2,326,36,42,7,283,13,56,148,117,30,210,31/08/2015
Warwickshire,0,67,10,5,0,64,3,20,19,14,16,58,31/08/2015
West Mercia,2,181,15,19,11,150,4,35,55,44,17,150,31/08/2015
West Midlands,2,561,57,74,31,548,59,97,193,188,140,344,31/08/2015
West Yorkshire,5,396,65,61,13,301,40,107,115,157,51,279,31/08/2015
Wiltshire,0,91,7,8,1,95,3,22,28,41,6,62,31/08/2015
Avon and Somerset,0,277,42,29,12,240,12,90,74,41,84,237,30/09/2015
Bedfordshire,2,102,6,15,5,80,10,30,37,40,4,93,30/09/2015
Cambridgeshire,0,120,6,17,16,50,11,27,33,21,4,91,30/09/2015
Cheshire,0,288,26,27,5,200,15,55,74,110,22,194,30/09/2015
Cleveland,0,127,15,40,10,303,10,49,56,97,18,85,30/09/2015
Cumbria,0,79,7,7,3,97,8,27,43,47,16,80,30/09/2015
Derbyshire,0,205,17,16,7,130,9,44,59,68,20,126,30/09/2015
Devon and Cornwall,0,148,6,26,6,130,15,50,62,51,81,189,30/09/2015
Dorset,1,144,8,12,1,113,6,35,39,27,21,123,30/09/2015
Durham,0,120,10,29,2,153,4,46,23,58,14,94,30/09/2015
Dyfed Powys,2,77,7,5,2,47,2,13,67,47,10,61,30/09/2015
Essex,2,322,29,29,7,182,8,66,85,70,13,291,30/09/2015
Gloucestershire,0,107,5,12,4,95,7,30,22,13,12,77,30/09/2015
GreaterManchester,2,679,67,90,39,388,47,159,199,211,85,414,30/09/2015
Gwent,0,124,7,14,0,85,13,17,57,44,6,67,30/09/2015
Hampshire,1,277,39,41,3,232,13,54,122,104,56,249,30/09/2015
Hertfordshire,1,227,6,22,6,209,27,46,71,57,10,178,30/09/2015
Humberside,0,186,28,34,4,181,14,40,53,76,10,124,30/09/2015
Kent,3,302,35,42,8,258,21,46,104,55,41,212,30/09/2015
Lancashire,3,244,20,55,7,270,17,100,92,130,70,259,30/09/2015
Leicestershire,3,145,14,27,2,139,11,23,40,36,13,126,30/09/2015
Lincolnshire,2,121,14,21,5,122,2,24,38,55,20,141,30/09/2015
Merseyside,2,411,23,29,6,262,10,80,247,140,52,216,30/09/2015
Norfolk,0,231,10,22,3,120,5,32,56,85,10,137,30/09/2015
Northamptonshire,0,145,14,14,4,115,9,28,33,27,12,116,30/09/2015
Northumbria,0,293,25,51,9,428,27,114,76,192,35,226,30/09/2015
North Wales,2,155,11,17,6,159,9,42,46,65,10,113,30/09/2015
North Yorkshire,1,139,8,20,0,140,9,45,51,81,13,145,30/09/2015
Nottinghamshire,5,216,15,21,19,268,20,54,122,77,46,169,30/09/2015
South Wales,3,391,36,56,12,264,15,63,162,143,11,602,30/09/2015
South Yorkshire,1,207,9,45,6,333,28,82,104,102,30,163,30/09/2015
Staffordshire,2,220,29,24,9,165,12,64,66,42,40,193,30/09/2015
Suffolk,1,131,10,6,2,73,7,12,33,48,12,84,30/09/2015
Surrey,1,125,8,11,5,88,3,34,44,31,15,138,30/09/2015
Sussex,2,242,32,32,7,195,11,44,92,67,25,203,30/09/2015
Thames Valley,3,452,52,45,17,339,29,59,167,131,32,325,30/09/2015
Warwickshire,0,63,11,14,4,73,1,18,18,18,11,69,30/09/2015
West Mercia,1,249,31,25,1,160,5,45,55,51,32,166,30/09/2015
West Midlands,2,607,52,66,53,650,95,119,185,233,137,387,30/09/2015
West Yorkshire,5,497,48,60,24,330,22,114,127,181,82,335,30/09/2015
Wiltshire,1,120,4,8,5,80,3,26,48,32,2,62,30/09/2015
Avon and Somerset,5,354,55,38,5,240,20,56,118,88,12,205,31/10/2015
Bedfordshire,2,97,4,16,9,66,9,16,27,26,5,77,31/10/2015
Cambridgeshire,2,117,2,18,1,96,10,27,30,29,14,123,31/10/2015
Cheshire,0,263,13,20,3,187,10,48,79,66,22,203,31/10/2015
Cleveland,0,149,14,44,4,259,9,41,76,88,5,75,31/10/2015
Cumbria,0,106,6,18,2,80,9,17,40,58,8,102,31/10/2015
Derbyshire,1,231,17,19,4,146,9,52,72,56,12,103,31/10/2015
Devon and Cornwall,1,230,15,39,4,141,22,51,86,68,5,185,31/10/2015
Dorset,1,161,9,23,2,99,8,35,41,63,2,104,31/10/2015
Durham,0,135,12,32,3,146,5,39,25,48,8,111,31/10/2015
Dyfed Powys,1,91,6,9,2,47,9,36,77,38,7,63,31/10/2015
Essex,1,376,39,37,8,187,22,44,82,56,19,251,31/10/2015
Gloucestershire,0,74,6,12,2,86,12,16,26,22,1,65,31/10/2015
GreaterManchester,1,629,65,59,28,336,32,94,163,156,21,392,31/10/2015
Gwent,0,121,8,11,2,79,3,22,31,37,3,51,31/10/2015
Hampshire,2,291,34,46,6,251,14,75,101,127,20,291,31/10/2015
Hertfordshire,0,119,4,26,2,104,13,22,60,26,0,81,31/10/2015
Humberside,0,178,22,23,1,180,15,41,61,71,6,132,31/10/2015
Kent,2,290,28,43,6,181,47,44,76,58,22,198,31/10/2015
Lancashire,1,337,28,74,15,280,24,66,108,171,23,243,31/10/2015
Leicestershire,1,161,15,30,8,119,18,26,53,39,7,131,31/10/2015
Lincolnshire,1,152,15,21,1,138,2,38,46,55,12,149,31/10/2015
Merseyside,0,307,16,33,10,170,10,48,128,92,29,215,31/10/2015
Norfolk,1,233,11,17,8,140,7,37,85,91,15,120,31/10/2015
Northamptonshire,3,133,6,13,2,93,8,22,46,29,6,123,31/10/2015
Northumbria,1,348,33,42,17,458,27,92,105,212,26,248,31/10/2015
North Wales,2,205,19,31,6,151,14,42,29,53,8,103,31/10/2015
North Yorkshire,2,129,8,19,2,113,12,26,34,43,13,101,31/10/2015
Nottinghamshire,6,333,24,37,8,282,26,64,138,110,25,170,31/10/2015
South Wales,0,335,19,46,17,218,26,52,142,119,14,591,31/10/2015
South Yorkshire,1,215,11,56,13,269,26,78,99,110,18,183,31/10/2015
Staffordshire,3,196,10,28,2,153,13,44,83,65,17,185,31/10/2015
Suffolk,1,172,11,16,0,77,9,28,49,31,10,99,31/10/2015
Surrey,0,144,9,29,2,87,8,14,56,32,5,117,31/10/2015
Sussex,0,308,31,35,8,179,20,61,91,65,9,233,31/10/2015
Thames Valley,9,394,38,46,8,242,25,47,147,76,21,215,31/10/2015
Warwickshire,0,83,8,10,8,54,6,15,27,26,7,80,31/10/2015
West Mercia,2,231,23,22,3,125,13,31,61,75,8,144,31/10/2015
West Midlands,6,736,47,83,43,660,74,121,253,228,60,377,31/10/2015
West Yorkshire,2,504,50,64,10,348,24,104,122,129,30,294,31/10/2015
Wiltshire,3,132,5,12,0,91,6,26,29,41,4,75,31/10/2015
Avon and Somerset,1,190,32,27,5,135,18,30,52,60,5,175,31/12/2015
Bedfordshire,0,29,4,3,3,13,1,3,8,3,2,1,31/12/2015
Cambridgeshire,2,103,9,19,3,54,9,23,35,31,5,72,31/12/2015
Cheshire,3,200,29,20,4,171,19,52,77,99,14,167,31/12/2015
Cleveland,1,131,5,15,3,266,6,40,62,57,7,81,31/12/2015
Cumbria,0,93,7,4,3,69,4,25,27,38,6,89,31/12/2015
Derbyshire,3,206,26,18,7,127,15,43,59,30,9,98,31/12/2015
Devon and Cornwall,0,228,13,28,0,114,13,36,59,68,8,172,31/12/2015
Dorset,2,120,9,23,1,104,4,16,42,38,3,64,31/12/2015
Durham,0,143,5,24,4,106,14,30,35,32,8,80,31/12/2015
Dyfed Powys,1,71,4,7,0,33,3,13,50,30,3,72,31/12/2015
Essex,1,263,36,31,7,205,11,58,58,51,7,219,31/12/2015
Gloucestershire,0,67,1,15,1,69,4,10,20,13,2,52,31/12/2015
GreaterManchester,3,662,88,78,30,319,33,89,134,180,31,328,31/12/2015
Gwent,0,99,7,13,2,59,8,24,50,28,3,57,31/12/2015
Hampshire,6,291,32,45,15,200,25,49,68,65,14,235,31/12/2015
Hertfordshire,1,40,11,5,3,36,6,4,16,2,2,8,31/12/2015
Humberside,2,163,29,30,11,168,4,45,57,55,5,100,31/12/2015
Kent,3,267,26,43,11,174,22,44,88,50,14,142,31/12/2015
Lancashire,1,255,5,56,23,199,9,64,109,109,8,215,31/12/2015
Leicestershire,2,167,15,11,6,121,14,33,51,40,6,121,31/12/2015
Lincolnshire,1,115,16,20,3,87,6,26,18,46,1,97,31/12/2015
Merseyside,3,281,32,21,15,226,29,64,175,82,37,193,31/12/2015
Norfolk,0,214,6,22,1,85,11,32,60,71,15,94,31/12/2015
Northamptonshire,0,142,10,10,3,90,12,24,36,34,9,105,31/12/2015
Northumbria,7,308,53,61,8,347,44,80,79,160,13,167,31/12/2015
North Wales,1,153,20,16,0,148,8,36,39,55,5,104,31/12/2015
North Yorkshire,1,110,7,37,4,104,19,36,53,40,5,100,31/12/2015
Nottinghamshire,4,268,15,43,14,163,17,56,134,74,21,155,31/12/2015
South Wales,4,374,16,46,15,261,17,57,185,94,15,429,31/12/2015
South Yorkshire,2,207,6,45,7,273,15,76,88,79,14,165,31/12/2015
Staffordshire,1,217,23,22,1,173,11,45,78,59,8,154,31/12/2015
Suffolk,2,125,9,10,5,73,6,18,46,36,9,76,31/12/2015
Surrey,0,120,10,7,2,52,10,11,54,21,5,129,31/12/2015
Sussex,1,253,24,20,8,187,33,25,82,73,6,179,31/12/2015
Thames Valley,11,289,40,26,12,164,22,33,110,82,19,161,31/12/2015
Warwickshire,0,79,12,8,0,76,2,9,33,18,7,89,31/12/2015
West Mercia,1,216,26,11,4,137,18,48,49,49,19,191,31/12/2015
West Midlands,6,697,77,61,45,692,81,123,230,230,54,349,31/12/2015
West Yorkshire,4,564,61,75,30,290,21,109,143,98,24,223,31/12/2015
Wiltshire,1,114,6,9,0,94,3,23,32,27,8,60,31/12/2015
